Store,Product,URL
Chemist Warehouse,Tresseme Hair Mask 300 mL,https://www.chemistwarehouse.com.au/buy/87045/tresemme-repair-protect-7-mask-300ml
Chemist Warehouse,Garnier Fructis Hair Mask 390 mL,https://www.chemistwarehouse.com.au/buy/87548/garnier-fructis-hair-food-repairing-papaya-3-in-1-mask-treatment-for-damaged-hair-390ml
Chemist Warehouse,Schwarzkopf Hair Mask 300 mL,https://www.chemistwarehouse.com.au/buy/107699/schwarzkopf-extra-care-ultimate-repair-strengthening-treatment-mask-300ml
Chemist Warehouse,Pantene Collagen Hair Mask 190 mL,https://www.chemistwarehouse.com.au/buy/106877/pantene-miracle-hair-mask-jar-collagen-repair-190ml
Chemist Warehouse,QV Skin Lotion 1 L,https://www.chemistwarehouse.com.au/buy/64066/qv-skin-lotion-1-25l
Chemist Warehouse,Pantene Conditioner 900 mL,https://www.chemistwarehouse.com.au/buy/75906/pantene-daily-moisture-renewal-conditioner-900ml
Chemist Warehouse,Neutrogena Dry Touch Sunscreen Body 88 mL,https://www.chemistwarehouse.com.au/buy/84456/neutrogena-sheer-zinc-body-dry-touch-sunscreen-lotion-88ml
Chemist Warehouse,Neutrogena Dry Touch Sunscreen Face 59 mL,https://www.chemistwarehouse.com.au/buy/84455/neutrogena-sheer-zinc-face-dry-touch-sunscreen-lotion-spf50-59ml
Chemist Warehouse,Redwin Sorbolene Lotion 1 L,https://www.chemistwarehouse.com.au/buy/52713/redwin-sorbolene-moisturiser-with-vitamin-e-litre-1
Chemist Warehouse,Hamilton Urea Cream,https://www.chemistwarehouse.com.au/buy/38567/hamilton-urederm-cream-10-100g
Sephora,Fenty Lip Bomb in Fenty Glow 9 mL,https://www.sephora.com.au/products/fenty-gloss-bomb-universal-lip-luminizer/v/fenty-glow
Sephora,The Ordinary Niachinamide 60 mL,https://www.sephora.com.au/products/the-ordinary-niacinamide-10-percent-plus-zinc-1-percent/v/60ml